{"cameraMode":{"drawMode":0,"name":"Shaded","section":"Shading Mode"},"sceneLighting":false,"audioPlay":false,"sceneViewState":{"m_AlwaysRefresh":false,"showFog":true,"showSkybox":false,"showFlares":true,"showImageEffects":true,"showParticleSystems":true,"showVisualEffectGraphs":true,"m_FxEnabled":true},"in2DMode":false,"pivot":{"x":-0.00009590387344360352,"y":0.8015390634536743,"z":0.07532685995101929},"rotation":{"x":-0.015477990731596947,"y":-0.9839416742324829,"z":0.10699032992124558,"w":-0.14238128066062928},"size":1.3028924465179444,"orthographic":false}